{
  "fold_0": {
    "loss": [
      0.4504914879798889,
      0.08975975215435028,
      0.06815019994974136,
      0.062265872955322266,
      0.05863990634679794,
      0.05846332386136055,
      0.058240439742803574,
      0.05792972818017006,
      0.05772973224520683,
      0.057580772787332535,
      0.05692072957754135,
      0.05683260038495064,
      0.05665590241551399,
      0.055362991988658905,
      0.05523597449064255,
      0.05460354685783386,
      0.05453602969646454,
      0.05487225949764252,
      0.05071242153644562,
      0.04877910017967224,
      0.04421856626868248,
      0.0416455902159214,
      0.04602329805493355,
      0.0442391000688076,
      0.04026229679584503,
      0.037264637649059296
    ],
    "val_loss": [
      0.2495681643486023,
      0.3210684061050415,
      0.27898290753364563,
      0.2826078236103058,
      0.28966933488845825,
      0.28452110290527344,
      0.2952995002269745,
      0.2875629663467407,
      0.2997700273990631,
      0.28903499245643616,
      0.30077430605888367,
      0.29506343603134155,
      0.3000194728374481,
      0.29430827498435974,
      0.3118508458137512,
      0.2919957935810089,
      0.2923784554004669,
      0.2790418565273285,
      0.3143559694290161,
      0.298372358083725,
      0.29846009612083435,
      0.348371684551239,
      0.30262643098831177,
      0.29102903604507446,
      0.3295272886753082,
      0.34191039204597473
    ]
  },
  "fold_1": {
    "loss": [
      0.2357386201620102,
      0.12452635914087296,
      0.10964585840702057,
      0.10180296748876572,
      0.09957756847143173,
      0.09506826102733612,
      0.09355372935533524,
      0.08907078206539154,
      0.08093905448913574,
      0.07903391867876053,
      0.0756787583231926,
      0.063786581158638,
      0.06800837069749832,
      0.06182748079299927,
      0.057943496853113174,
      0.05384180694818497,
      0.06204328313469887,
      0.04870348051190376,
      0.0424085333943367,
      0.04415407031774521,
      0.04262435436248779,
      0.04043540358543396,
      0.041893210262060165,
      0.03982226923108101,
      0.03678102046251297,
      0.03633229807019234,
      0.03213246539235115,
      0.030683064833283424,
      0.03132149577140808,
      0.036695290356874466,
      0.030722176656126976,
      0.032370440661907196,
      0.028215905651450157,
      0.030536353588104248,
      0.02936721220612526,
      0.028667714446783066,
      0.02723611518740654,
      0.023941902443766594,
      0.023908644914627075,
      0.025160370394587517,
      0.025060752406716347,
      0.021996358409523964,
      0.02259630709886551,
      0.02390913851559162,
      0.02218339592218399,
      0.023017166182398796,
      0.030925754457712173,
      0.025661956518888474,
      0.022525673732161522,
      0.020238926634192467,
      0.02211882546544075,
      0.019093288108706474,
      0.019092392176389694,
      0.016178447753190994,
      0.02046038955450058,
      0.020085984840989113,
      0.019574590027332306,
      0.01967347040772438,
      0.017251579090952873,
      0.016862919554114342,
      0.017911136150360107,
      0.016804391518235207,
      0.018551932647824287,
      0.020344439893960953,
      0.015815332531929016,
      0.017183983698487282,
      0.02017013169825077,
      0.020271774381399155,
      0.015153173357248306,
      0.014385906979441643,
      0.016219880431890488,
      0.014309961348772049,
      0.014197161421179771,
      0.013108720071613789,
      0.01309262216091156,
      0.015386659651994705,
      0.01617739349603653,
      0.015256076119840145,
      0.015083281323313713,
      0.014027656987309456,
      0.011226549744606018,
      0.012737411074340343,
      0.012401227839291096,
      0.011992826126515865,
      0.014337476342916489,
      0.01095957588404417,
      0.010732660070061684,
      0.011795676313340664,
      0.010915370658040047,
      0.012753867544233799,
      0.014001758769154549,
      0.014107370749115944,
      0.012883366085588932
    ],
    "val_loss": [
      0.12679462134838104,
      0.26066678762435913,
      0.14680978655815125,
      0.18309497833251953,
      0.14923784136772156,
      0.21085195243358612,
      0.10984537750482559,
      0.16032011806964874,
      0.10864131152629852,
      0.13166749477386475,
      0.12039303034543991,
      0.21763350069522858,
      0.15982785820960999,
      0.11192014068365097,
      0.1356753408908844,
      0.1147729679942131,
      0.10985281318426132,
      0.10960185527801514,
      0.12661299109458923,
      0.12124549597501755,
      0.10321764647960663,
      0.11258187144994736,
      0.12794604897499084,
      0.1279681771993637,
      0.09780760109424591,
      0.10725276917219162,
      0.11822972446680069,
      0.09810449182987213,
      0.10658697783946991,
      0.13357804715633392,
      0.0967954695224762,
      0.11773981153964996,
      0.09580356627702713,
      0.12292416393756866,
      0.08476117998361588,
      0.09655453264713287,
      0.0905013233423233,
      0.13576705753803253,
      0.09025777131319046,
      0.07014504820108414,
      0.08227559924125671,
      0.08403221517801285,
      0.0970751941204071,
      0.07903702557086945,
      0.10069533437490463,
      0.08830446749925613,
      0.07990390807390213,
      0.08619382232427597,
      0.06929681450128555,
      0.08736036717891693,
      0.08448801934719086,
      0.07904520630836487,
      0.0739191547036171,
      0.08705471456050873,
      0.08755630999803543,
      0.0667109563946724,
      0.07287940382957458,
      0.08137646317481995,
      0.05885841324925423,
      0.06707026809453964,
      0.07139597833156586,
      0.05573379620909691,
      0.07443127781152725,
      0.09186462312936783,
      0.06825249642133713,
      0.06876816600561142,
      0.08453405648469925,
      0.04991455748677254,
      0.06297322362661362,
      0.07681584358215332,
      0.07607318460941315,
      0.06036002188920975,
      0.06915076822042465,
      0.06168491765856743,
      0.0811973288655281,
      0.0788196325302124,
      0.06387405842542648,
      0.07657819986343384,
      0.0688634142279625,
      0.05793529748916626,
      0.0664164125919342,
      0.0678110346198082,
      0.08050419390201569,
      0.07066964358091354,
      0.0817144438624382,
      0.06117371842265129,
      0.06373925507068634,
      0.07798393815755844,
      0.06428151577711105,
      0.05651473253965378,
      0.05129941925406456,
      0.08052824437618256,
      0.06809220463037491
    ]
  },
  "fold_2": {
    "loss": [
      0.17100174725055695,
      0.11454488337039948,
      0.09419684112071991,
      0.07850976288318634,
      0.07361071556806564,
      0.06723151355981827,
      0.05468427389860153,
      0.05453096702694893,
      0.05168793350458145,
      0.04592524841427803,
      0.03999139368534088,
      0.04048965126276016,
      0.035306330770254135,
      0.0332539938390255,
      0.030238360166549683,
      0.02760183811187744,
      0.029869534075260162,
      0.0246674083173275,
      0.024967752397060394,
      0.026288840919733047,
      0.023154735565185547,
      0.02155766449868679,
      0.019427841529250145,
      0.020662687718868256,
      0.020513134077191353,
      0.020235922187566757
    ],