{
  "fold_0": {
    "loss": [
      0.40195783972740173,
      0.10853975266218185,
      0.06777708977460861,
      0.06444770842790604,
      0.056391917169094086,
      0.05806535854935646,
      0.04871104657649994,
      0.04550603777170181,
      0.0471225380897522,
      0.04475492611527443,
      0.03731371834874153,
      0.040170229971408844,
      0.03947865962982178,
      0.03585382550954819,
      0.03611242026090622,
      0.03315552696585655,
      0.02905208244919777,
      0.030687587335705757,
      0.03251306340098381,
      0.03323252871632576,
      0.029551086947321892,
      0.03227788954973221,
      0.028439311310648918,
      0.028924789279699326,
      0.02944328263401985,
      0.026880580931901932,
      0.028474044054746628,
      0.02653379738330841,
      0.026176022365689278,
      0.02550460211932659,
      0.025134338065981865,
      0.025649163872003555,
      0.025932474061846733,
      0.029710084199905396,
      0.026553677394986153,
      0.027229148894548416,
      0.024218929931521416,
      0.023480745032429695,
      0.02658793143928051,
      0.02609729766845703,
      0.025293447077274323,
      0.023441974073648453,
      0.022819822654128075,
      0.023617060855031013,
      0.023434290662407875,
      0.024508705362677574,
      0.02114337868988514,
      0.022458305582404137,
      0.021329516544938087,
      0.019272638484835625,
      0.024413909763097763
    ],
    "val_loss": [
      0.3495520055294037,
      0.1763020008802414,
      0.2412533164024353,
      0.2074146270751953,
      0.1956968456506729,
      0.1974707841873169,
      0.19520175457000732,
      0.17767325043678284,
      0.1812397837638855,
      0.17336522042751312,
      0.17479833960533142,
      0.16191913187503815,
      0.16556167602539062,
      0.15636226534843445,
      0.15458516776561737,
      0.15973450243473053,
      0.17926089465618134,
      0.16054169833660126,
      0.16754937171936035,
      0.17828692495822906,
      0.16951461136341095,
      0.1648838371038437,
      0.16366052627563477,
      0.16224491596221924,
      0.15897853672504425,
      0.15280431509017944,
      0.16038423776626587,
      0.1571764349937439,
      0.17929686605930328,
      0.16092398762702942,
      0.17238858342170715,
      0.1911548227071762,
      0.17288987338542938,
      0.19980594515800476,
      0.18531188368797302,
      0.17576460540294647,
      0.16522087156772614,
      0.1666073054075241,
      0.1602926403284073,
      0.16962885856628418,
      0.17795459926128387,
      0.19104796648025513,
      0.20359957218170166,
      0.1749378740787506,
      0.19268687069416046,
      0.16968987882137299,
      0.18826989829540253,
      0.19627231359481812,
      0.20831194519996643,
      0.18786823749542236,
      0.1863614022731781
    ]
  },
  "fold_1": {
    "loss": [
      0.2690708339214325,
      0.09284618496894836,
      0.06354977935552597,
      0.05648099258542061,
      0.055793099105358124,
      0.050227608531713486,
      0.04973341152071953,
      0.0461953841149807,
      0.044496484100818634,
      0.04486707225441933,
      0.041806660592556,
      0.04121820628643036,
      0.041627395898103714,
      0.039853595197200775,
      0.040805380791425705,
      0.03923257067799568,
      0.03932436555624008,
      0.03742193058133125,
      0.0367698147892952,
      0.03498066961765289,
      0.03613780066370964,
      0.03682832419872284,
      0.03357810527086258,
      0.03506093844771385,
      0.030596788972616196,
      0.03436234965920448,
      0.03062332049012184,
      0.029776062816381454,
      0.029876792803406715,
      0.031744904816150665,
      0.027787746861577034,
      0.03160320967435837,
      0.029327962547540665,
      0.03190355375409126,
      0.02839691936969757,
      0.028178084641695023,
      0.026847468689084053
    ],
    "val_loss": [
      0.040003448724746704,
      0.035381823778152466,
      0.03546556457877159,
      0.039981238543987274,
      0.041562072932720184,
      0.05080713331699371,
      0.03587370738387108,
      0.03426332771778107,
      0.04682339355349541,
      0.03486861661076546,
      0.030026517808437347,
      0.027472881600260735,
      0.04122946038842201,
      0.03313921019434929,
      0.031349875032901764,
      0.037118300795555115,
      0.06624285131692886,
      0.039597444236278534,
      0.05292581021785736,
      0.07267922163009644,
      0.06894780695438385,
      0.07136795669794083,
      0.059093065559864044,
      0.058067116886377335,
      0.08650748431682587,
      0.05861017853021622,
      0.06965666264295578,
      0.05427930876612663,
      0.07315587252378464,
      0.05821160599589348,
      0.06337283551692963,
      0.08299047499895096,
      0.06008404865860939,
      0.07977341115474701,
      0.0797499269247055,
      0.06290624290704727,
      0.05974304676055908
    ]
  },
  "fold_2": {
    "loss": [
      0.11971938610076904,
      0.049498289823532104,
      0.043029315769672394,
      0.036736007779836655,
      0.038227975368499756,
      0.03917759284377098,
      0.03330370411276817,
      0.0365312322974205,
      0.03171122446656227,
      0.030919618904590607,
      0.033302173018455505,
      0.034890592098236084,
      0.03469668701291084,
      0.02904738299548626,
      0.028062235563993454,
      0.02861691452562809,
      0.029415391385555267,
      0.02821621298789978,
      0.028973804786801338,
      0.026849739253520966,
      0.025501247495412827,
      0.024882514029741287,
      0.02562362514436245,
      0.02593018114566803,
      0.02560265362262726,
      0.026575513184070587,
      0.025404002517461777,
      0.026737334206700325,
      0.02379235066473484,
      0.023384932428598404,
      0.02576594240963459,
      0.023655518889427185,
      0.02351365052163601,
      0.023635847494006157,
      0.025116773322224617,
      0.02470274455845356,
      0.023339610546827316,
      0.02382037602365017,
      0.022197220474481583,
      0.02175440452992916,
      0.02324153296649456,
      0.02436795085668564,
      0.022809036076068878,
      0.02218814007937908,
      0.02307870425283909,
      0.021179327741265297,
      0.021151995286345482,
      0.02190840244293213,
      0.021575888618826866,
      0.019792499020695686,
      0.02087755873799324,
      0.020350394770503044,
      0.01968814991414547,
      0.02026342786848545,
      0.01941121369600296,
      0.018721820786595345,
      0.020817885175347328
    ],