{
  "fold_0": {
    "loss": [
      0.4714883863925934,
      0.12395653128623962,
      0.06451194733381271,
      0.06536178290843964,
      0.06028887629508972,
      0.05935322865843773,
      0.058993082493543625,
      0.05803291127085686,
      0.057404231280088425,
      0.05763789266347885,
      0.05639887973666191,
      0.056826382875442505,
      0.057157181203365326,
      0.05713288486003876,
      0.055685847997665405,
      0.05638185888528824,
      0.05439754202961922,
      0.05482093617320061,
      0.05586710199713707,
      0.05653969943523407,
      0.05659486725926399,
      0.05448498949408531,
      0.0544595941901207,
      0.05366186425089836,
      0.0533289760351181,
      0.053209125995635986,
      0.052176810801029205,
      0.05256899446249008
    ],
    "val_loss": [
      0.41445493698120117,
      0.3268882632255554,
      0.2659319043159485,
      0.30437171459198,
      0.32650667428970337,
      0.3039356768131256,
      0.3036152422428131,
      0.3150393068790436,
      0.3107251226902008,
      0.3136504590511322,
      0.3093278110027313,
      0.31377366185188293,
      0.31270885467529297,
      0.3112621009349823,
      0.32256561517715454,
      0.3107912242412567,
      0.3177976608276367,
      0.31685584783554077,
      0.31542614102363586,
      0.32289355993270874,
      0.31031930446624756,
      0.3268396258354187,
      0.31099778413772583,
      0.3253495693206787,
      0.3177970349788666,
      0.32033202052116394,
      0.3145463466644287,
      0.330122172832489
    ]
  },
  "fold_1": {
    "loss": [
      0.20335718989372253,
      0.14453661441802979,
      0.11847520619630814,
      0.10458823293447495,
      0.10188252478837967,
      0.10177090764045715,
      0.0972197949886322,
      0.08923192322254181,
      0.08807829022407532,
      0.07675888389348984,
      0.07334679365158081,
      0.07067146897315979,
      0.06318551301956177,
      0.05512791499495506,
      0.05806553736329079,
      0.05009035766124725,
      0.0453634113073349,
      0.046386171132326126,
      0.043994929641485214,
      0.03884051367640495,
      0.043859705328941345,
      0.03868424519896507,
      0.03924347087740898,
      0.03991423919796944,
      0.03866778314113617,
      0.03414656221866608
    ],
    "val_loss": [
      0.10231257230043411,
      0.1358926147222519,
      0.1938420534133911,
      0.1713758409023285,
      0.1352309137582779,
      0.14952833950519562,
      0.2431354522705078,
      0.14206011593341827,
      0.1565529853105545,
      0.20497260987758636,
      0.1688564568758011,
      0.1810367852449417,
      0.15903930366039276,
      0.1746581792831421,
      0.1637248694896698,
      0.13755686581134796,
      0.23242105543613434,
      0.14392699301242828,
      0.20344193279743195,
      0.19367137551307678,
      0.2402602583169937,
      0.20600734651088715,
      0.1784590482711792,
      0.21030519902706146,
      0.21294067800045013,
      0.21186304092407227
    ]
  },
  "fold_2": {
    "loss": [
      0.20242837071418762,
      0.1238909661769867,
      0.11208067089319229,
      0.10647919774055481,
      0.09248567372560501,
      0.07914120703935623,
      0.06950297206640244,
      0.06277113407850266,
      0.05625244230031967,
      0.05057545006275177,
      0.055012743920087814,
      0.048175252974033356,
      0.044710054993629456,
      0.04045293480157852,
      0.04437468200922012,
      0.0390981063246727,
      0.034966111183166504,
      0.0340392179787159,
      0.03334933519363403,
      0.029386168345808983,
      0.0332966223359108,
      0.029467733576893806,
      0.02943558245897293,
      0.026524387300014496,
      0.025750834494829178,
      0.025431137531995773,
      0.02477664314210415,
      0.02342822216451168,
      0.022086335346102715,
      0.020901955664157867,
      0.022970493882894516,
      0.02166905626654625,
      0.023154180496931076,
      0.021314239129424095,
      0.01945195160806179
    ],
    "val_loss": [
      0.20886628329753876,
      0.22059476375579834,
      0.24443742632865906,
      0.26399603486061096,
      0.3558118939399719,
      0.2733900845050812,
      0.24367767572402954,
      0.18877176940441132,
      0.29565489292144775,
      0.1713598072528839,
      0.1827888786792755,
      0.2768164873123169,
      0.18953806161880493,
      0.1848675161600113,
      0.22407671809196472,
      0.22733809053897858,
      0.19212913513183594,
      0.1925867348909378,
      0.23467130959033966,
      0.21839919686317444,
      0.26097992062568665,
      0.33147740364074707,
      0.24061152338981628,
      0.22151677310466766,
      0.20921069383621216,
      0.22637803852558136,
      0.23926877975463867,
      0.26033467054367065,
      0.23959024250507355,
      0.24146398901939392,
      0.20579372346401215,
      0.2327963411808014,
      0.25203192234039307,
      0.2415328472852707,
      0.24890762567520142
    ]
  },
  "fold_3": {
    "loss": [
      0.1914987415075302,
      0.14525775611400604,
      0.13688360154628754,
      0.12916333973407745,
      0.1120993122458458,
      0.0927564948797226,
      0.0834747776389122,
      0.0772869735956192,
      0.0635983869433403,
      0.055558010935783386,
      0.050579968839883804,
      0.04589470848441124,
      0.04242534562945366,
      0.0416920930147171,
      0.0391174741089344,
      0.03884551301598549,
      0.037390388548374176,
      0.03388368710875511,
      0.03348170220851898,
      0.03374375402927399,
      0.0302029550075531,
      0.028605645522475243,
      0.02661287598311901,
      0.029045470058918,
      0.02593439817428589,
      0.024604225531220436,
      0.023736264556646347,
      0.025240464136004448,
      0.02568425051867962,
      0.025834722444415092,
      0.023378925397992134,
      0.026419751346111298,
      0.022845037281513214,
      0.02231183834373951,
      0.02200874127447605
    ],
    "val_loss": [
      0.15988589823246002,
      0.1500072330236435,
      0.13700418174266815,
      0.11729375272989273,
      0.11297290027141571,
      0.09253007173538208,
      0.09867263585329056,
      0.08326681703329086,
      0.08603666722774506,
      0.07702110707759857,
      0.08062288165092468,
      0.07860015332698822,
      0.08581764996051788,
      0.10280051082372665,
      0.09021960943937302,
      0.1085299476981163,
      0.08611035346984863,
      0.12882311642169952,
      0.10688602179288864,
      0.11091341823339462,
      0.12072862684726715,
      0.10717719048261642,
      0.12089437246322632,
      0.12395958602428436,
      0.10584668070077896,
      0.11767271161079407,
      0.15880869328975677,
      0.13255104422569275,
      0.11444142460823059,
      0.12312521785497665,
      0.1738673597574234,
      0.13191939890384674,
      0.0953366756439209,
      0.1356588453054428,
      0.11499965935945511
    ]
  },
  "fold_4": {
    "loss": [
      0.16722136735916138,
      0.11967997252941132,
      0.09555880725383759,
      0.08065368980169296,
      0.0705764964222908,
      0.06246553361415863,
      0.05618245154619217,
      0.051303353160619736,
      0.049469124525785446,
      0.04526600241661072,
      0.045720625668764114,
      0.03868000581860542,
      0.038820646703243256,
      0.03744463250041008,
      0.03416331857442856,
      0.030898280441761017,
      0.03171566501259804,
      0.03049195557832718,
      0.028687218204140663,
      0.029835905879735947,
      0.02967941202223301,
      0.028945406898856163,
      0.027186699211597443,
      0.026581859216094017,
      0.02513711526989937,
      0.02909591980278492,
      0.025527670979499817,
      0.023783503100275993,
      0.023408964276313782,
      0.023596981540322304,
      0.024216530844569206,
      0.02257140725851059,
      0.02077595144510269,
      0.023121427744627
    ],