{
  "fold_0": {
    "loss": [
      0.4505808651447296,
      0.11505982279777527,
      0.09298312664031982,
      0.07661507278680801,
      0.05681726336479187,
      0.05637313798069954,
      0.055516745895147324,
      0.05509808659553528,
      0.0510258674621582,
      0.048659127205610275,
      0.044478390365839005,
      0.0467812679708004,
      0.047992173582315445,
      0.04491019621491432,
      0.040277086198329926,
      0.04204702004790306,
      0.041466835886240005,
      0.04028897359967232,
      0.03957653418183327,
      0.038681451231241226,
      0.036812715232372284,
      0.040291137993335724,
      0.03576282039284706,
      0.037190068513154984,
      0.03538312762975693,
      0.04125165194272995,
      0.039486054331064224,
      0.04117431864142418,
      0.034946948289871216,
      0.03330002725124359,
      0.038381293416023254,
      0.03940274193882942,
      0.03962273150682449,
      0.03553958982229233,
      0.03309071436524391,
      0.037233032286167145,
      0.03647015616297722,
      0.03315293416380882,
      0.033926501870155334
    ],
    "val_loss": [
      0.29192113876342773,
      0.14107681810855865,
      0.14262787997722626,
      0.15435412526130676,
      0.12086781114339828,
      0.11934033781290054,
      0.11296726018190384,
      0.10901293903589249,
      0.10206601768732071,
      0.10491176694631577,
      0.09897416830062866,
      0.09925916790962219,
      0.10322079807519913,
      0.09693778306245804,
      0.1005537211894989,
      0.10300089418888092,
      0.09743306785821915,
      0.10003698617219925,
      0.10175621509552002,
      0.09901455044746399,
      0.09914475679397583,
      0.0976732149720192,
      0.09981420636177063,
      0.10196007043123245,
      0.1009872779250145,
      0.10171356797218323,
      0.10773620009422302,
      0.105458103120327,
      0.10614117234945297,
      0.10742215067148209,
      0.11081863194704056,
      0.11275237053632736,
      0.10882626473903656,
      0.11252650618553162,
      0.11472921818494797,
      0.12155159562826157,
      0.12055399268865585,
      0.11721503734588623,
      0.11928714066743851
    ]
  },
  "fold_1": {
    "loss": [
      0.16311711072921753,
      0.07847097516059875,
      0.06712324172258377,
      0.05788067728281021,
      0.059759847819805145,
      0.059093523770570755,
      0.056127261370420456,
      0.052951209247112274,
      0.05079227313399315,
      0.05280671641230583,
      0.04964803531765938,
      0.0471545048058033,
      0.044534556567668915,
      0.047284916043281555,
      0.04686005413532257,
      0.04817546531558037,
      0.048051122575998306,
      0.04679299518465996,
      0.045505862683057785,
      0.044251225888729095,
      0.043229322880506516,
      0.04478833079338074,
      0.048844996839761734,
      0.039743248373270035,
      0.0398436114192009,
      0.04095190390944481,
      0.04252729192376137,
      0.040717076510190964,
      0.0417136549949646,
      0.04203323274850845,
      0.04393625631928444,
      0.04121973365545273,
      0.04193190857768059,
      0.040762852877378464,
      0.04130610078573227,
      0.03903168812394142,
      0.03789997845888138,
      0.03914058208465576,
      0.03966271132230759,
      0.037080470472574234
    ],
    "val_loss": [
      0.029223324730992317,
      0.03128346428275108,
      0.03167242184281349,
      0.031774576753377914,
      0.02890743501484394,
      0.029836926609277725,
      0.02874842844903469,
      0.028666146099567413,
      0.036755722016096115,
      0.02867494896054268,
      0.03630566969513893,
      0.03185608237981796,
      0.04144072160124779,
      0.041242845356464386,
      0.024230264127254486,
      0.09019686281681061,
      0.025845570489764214,
      0.03613715246319771,
      0.03242817893624306,
      0.03848529979586601,
      0.04087113216519356,
      0.028487220406532288,
      0.062004897743463516,
      0.03668436035513878,
      0.032245900481939316,
      0.040363725274801254,
      0.03946169093251228,
      0.06135041266679764,
      0.03206084668636322,
      0.029611192643642426,
      0.0423196516931057,
      0.04976823553442955,
      0.056499168276786804,
      0.032806396484375,
      0.03574737533926964,
      0.035803262144327164,
      0.03031298518180847,
      0.04179268702864647,
      0.025752082467079163,
      0.03887273371219635
    ]
  },
  "fold_2": {
    "loss": [
      0.10187692940235138,
      0.05637769401073456,
      0.05066763237118721,
      0.047957248985767365,
      0.04865214228630066,
      0.051303353160619736,
      0.04528150334954262,
      0.0421251505613327,
      0.038451552391052246,
      0.03981906920671463,
      0.03923764079809189,
      0.03855954855680466,
      0.03680116683244705,
      0.03597848117351532,
      0.03460868448019028,
      0.036375053226947784,
      0.03645055741071701,
      0.03642535209655762,
      0.03446479141712189,
      0.03598589822649956,
      0.03396208956837654,
      0.0327654629945755,
      0.033232275396585464,
      0.0329885259270668,
      0.032141074538230896,
      0.0312604159116745,
      0.0320902056992054,
      0.03189932927489281,
      0.03171156719326973,
      0.029977262020111084,
      0.03263692557811737,
      0.02956034056842327,
      0.030754107981920242,
      0.02870441973209381,
      0.029687464237213135,
      0.02950226329267025,
      0.028451714664697647,
      0.029719319194555283,
      0.03021787479519844,
      0.027623552829027176,
      0.028895698487758636,
      0.02631133608520031,
      0.02705896832048893,
      0.027210485190153122,
      0.02799101173877716,
      0.029220664873719215,
      0.02604581229388714,
      0.026134829968214035,
      0.028749782592058182,
      0.02860463410615921,
      0.026351232081651688,
      0.026201358065009117,
      0.02596035599708557,
      0.028519701212644577,
      0.026835588738322258,
      0.025761261582374573,
      0.025773342698812485,
      0.02441592700779438,
      0.02577032521367073,
      0.02470853365957737,
      0.0254110936075449,
      0.0260320995002985,
      0.028302831575274467,
      0.02835797518491745,
      0.025845490396022797,
      0.024123238399624825,
      0.026300357654690742,
      0.026531517505645752,
      0.025964371860027313,
      0.025532927364110947
    ],