{
  "fold_0": {
    "loss": [
      0.5677952766418457,
      0.1742250919342041,
      0.15137577056884766,
      0.1234682947397232,
      0.1113709807395935,
      0.10657566040754318,
      0.09037554264068604,
      0.08866148442029953,
      0.0836062803864479,
      0.0819978415966034,
      0.08552806079387665,
      0.07018062472343445,
      0.06909390538930893,
      0.07064256072044373,
      0.06199383735656738,
      0.0589425228536129,
      0.07364000380039215,
      0.06480836868286133,
      0.06865061819553375,
      0.06679195165634155,
      0.058347731828689575,
      0.06368973106145859,
      0.06588370352983475,
      0.06178954988718033,
      0.05935780704021454,
      0.04990936443209648,
      0.05393650382757187,
      0.05484772473573685,
      0.054266415536403656,
      0.04956301301717758,
      0.05759333074092865,
      0.05419381707906723,
      0.04739648476243019,
      0.053793441504240036,
      0.05533900856971741,
      0.051066234707832336,
      0.046161312609910965,
      0.05186590552330017,
      0.041776180267333984,
      0.04426231607794762,
      0.054801806807518005
    ],
    "val_loss": [
      0.28594136238098145,
      0.3000977039337158,
      0.22118517756462097,
      0.21117326617240906,
      0.19444233179092407,
      0.1767440289258957,
      0.15685996413230896,
      0.1514114886522293,
      0.13506878912448883,
      0.1584465354681015,
      0.13530145585536957,
      0.1356903612613678,
      0.1423250138759613,
      0.14034321904182434,
      0.13933008909225464,
      0.1342022567987442,
      0.14654132723808289,
      0.16061857342720032,
      0.14527134597301483,
      0.15499678254127502,
      0.16332267224788666,
      0.15335576236248016,
      0.15874724090099335,
      0.17352177202701569,
      0.1763196736574173,
      0.1703684777021408,
      0.1938995122909546,
      0.1983790397644043,
      0.18849915266036987,
      0.17874708771705627,
      0.19630810618400574,
      0.2094505876302719,
      0.20757457613945007,
      0.2103826105594635,
      0.2175825834274292,
      0.2235322743654251,
      0.2239086776971817,
      0.21161115169525146,
      0.22052036225795746,
      0.24767999351024628,
      0.24963712692260742
    ]
  },
  "fold_1": {
    "loss": [
      0.3403593599796295,
      0.1191251128911972,
      0.09144112467765808,
      0.08673661947250366,
      0.08288515359163284,
      0.07807348668575287,
      0.0735388919711113,
      0.07146124541759491,
      0.06767062842845917,
      0.06996367126703262,
      0.06288232654333115,
      0.06263286620378494,
      0.06468327343463898,
      0.06538822501897812,
      0.07044672220945358,
      0.05823046714067459,
      0.061966314911842346,
      0.06371485441923141,
      0.06212363392114639,
      0.05751432478427887,
      0.05759303271770477,
      0.05474531650543213,
      0.05271116644144058,
      0.06008308008313179,
      0.05137164890766144,
      0.04788302630186081,
      0.05272645130753517
    ],
    "val_loss": [
      0.05813704431056976,
      0.042460113763809204,
      0.04523530602455139,
      0.04588107019662857,
      0.05382578819990158,
      0.0681818500161171,
      0.06309891492128372,
      0.11647483706474304,
      0.08012805134057999,
      0.051180869340896606,
      0.08094678074121475,
      0.06322222948074341,
      0.10367195308208466,
      0.08196035027503967,
      0.06941819190979004,
      0.1164490282535553,
      0.094821497797966,
      0.09638619422912598,
      0.11126504093408585,
      0.07749294489622116,
      0.11210314929485321,
      0.1364666223526001,
      0.22512327134609222,
      0.12385672330856323,
      0.1703837811946869,
      0.253231406211853,
      0.17940592765808105
    ]
  },
  "fold_2": {
    "loss": [
      0.17353683710098267,
      0.08221377432346344,
      0.07732100784778595,
      0.06606104224920273,
      0.064040407538414,
      0.05995858833193779,
      0.05809256061911583,
      0.05978430062532425,
      0.053148407489061356,
      0.05178404599428177,
      0.05225466936826706,
      0.05002778023481369,
      0.05080779269337654,
      0.04630646854639053,
      0.046900879591703415,
      0.04383482784032822,
      0.04669269919395447,
      0.04729025438427925,
      0.04342907294631004,
      0.045734796673059464,
      0.039434853941202164,
      0.0402081198990345,
      0.041774604469537735,
      0.041187893599271774,
      0.04166659340262413,
      0.041040338575839996,
      0.038820378482341766,
      0.03934108465909958,
      0.03726167976856232,
      0.03672662749886513,
      0.03912799805402756,
      0.03625919669866562,
      0.035013411194086075,
      0.035530708730220795,
      0.033531975001096725,
      0.03534584492444992,
      0.03833455964922905,
      0.03921522945165634,
      0.03392479941248894,
      0.039076127111911774,
      0.03509753569960594,
      0.03150496259331703,
      0.031083503738045692,
      0.034886784851551056,
      0.033752959221601486,
      0.03265537694096565,
      0.031392842531204224,
      0.03005269169807434,
      0.030827263370156288,
      0.03152787312865257,
      0.03094547986984253,
      0.03309806436300278,
      0.03221936151385307,
      0.03421329706907272,
      0.029004333540797234,
      0.029179511591792107,
      0.02819693833589554,
      0.028239073231816292,
      0.029588136821985245,
      0.028344525024294853,
      0.029853835701942444,
      0.03066439926624298,
      0.027905773371458054,
      0.02891954593360424,
      0.03251488506793976,
      0.03069102205336094,
      0.02953479439020157,
      0.030377866700291634,
      0.029259465634822845,
      0.03050271049141884,
      0.029196053743362427,
      0.02856285870075226,
      0.028344299644231796,
      0.0268666073679924,
      0.02752120979130268,
      0.027702080085873604
    ],
    "val_loss": [
      0.09414681047201157,
      0.08464112132787704,
      0.07292152941226959,
      0.08082793653011322,
      0.06366632878780365,
      0.055674824863672256,
      0.060686033219099045,
      0.05509398877620697,
      0.055879347026348114,
      0.059300102293491364,
      0.05756302550435066,
      0.06233623996376991,
      0.05171426758170128,
      0.0647939071059227,
      0.052082303911447525,
      0.04708525165915489,
      0.05482006072998047,
      0.04800749570131302,
      0.05787071958184242,
      0.04725601524114609,
      0.05147472769021988,
      0.06735147535800934,
      0.05648733675479889,
      0.06503287702798843,
      0.0559806264936924,
      0.04093671590089798,
      0.058091044425964355,
      0.048427924513816833,
      0.06572270393371582,
      0.04483352228999138,
      0.06279730796813965,
      0.04060573875904083,
      0.04966010898351669,
      0.04917214438319206,
      0.05241137370467186,
      0.06076498329639435,
      0.05303565785288811,
      0.05978664383292198,
      0.04196365177631378,
      0.06520796567201614,
      0.05525936558842659,
      0.043735045939683914,
      0.04684380069375038,
      0.05566077306866646,
      0.04151475057005882,
      0.04488782584667206,
      0.04454305022954941,
      0.0437660813331604,
      0.0483710803091526,
      0.04283439740538597,
      0.0384281724691391,
      0.050451770424842834,
      0.04613979905843735,
      0.05120275542140007,
      0.058081869035959244,
      0.04005606472492218,
      0.05183630809187889,
      0.04954473674297333,
      0.04733661189675331,
      0.07323640584945679,
      0.053858477622270584,
      0.04452679678797722,
      0.04801206290721893,
      0.052676305174827576,
      0.062135159969329834,
      0.05868958681821823,
      0.06050552427768707,
      0.058843038976192474,
      0.07400944083929062,
      0.051140300929546356,
      0.06439927965402603,
      0.05641195923089981,
      0.07912296801805496,
      0.06012524664402008,
      0.05006423220038414,
      0.0682927817106247
    ]
  },