{
  "fold_0": {
    "loss": [
      0.2402576208114624,
      0.061401769518852234,
      0.03887882083654404,
      0.03504857048392296,
      0.028636610135436058,
      0.027498919516801834,
      0.02291957288980484,
      0.023027978837490082,
      0.02187172695994377,
      0.018538478761911392,
      0.020001014694571495,
      0.018873609602451324,
      0.018142953515052795,
      0.0176327433437109,
      0.015524054877460003,
      0.015495918691158295,
      0.017143262550234795,
      0.017251623794436455,
      0.016361864283680916,
      0.015268140472471714,
      0.0148245170712471,
      0.015849649906158447,
      0.013900013640522957,
      0.01331238355487585,
      0.015652770176529884,
      0.014546000398695469,
      0.014245353639125824,
      0.014469100162386894,
      0.012941978871822357,
      0.012545942328870296,
      0.01341055054217577,
      0.012647973373532295,
      0.013838366605341434,
      0.014625096693634987,
      0.014621834270656109,
      0.013291412964463234,
      0.013975825160741806,
      0.012730756774544716,
      0.013140302151441574,
      0.011645075865089893,
      0.012281510978937149
    ],
    "val_loss": [
      0.15598660707473755,
      0.18289285898208618,
      0.1383488029241562,
      0.1430361568927765,
      0.1248675212264061,
      0.11439301818609238,
      0.10136417299509048,
      0.09849390387535095,
      0.08642219007015228,
      0.07807108014822006,
      0.07629866898059845,
      0.07382109761238098,
      0.07247598469257355,
      0.0711563229560852,
      0.07290748506784439,
      0.06934218108654022,
      0.0699613094329834,
      0.07352472096681595,
      0.07227827608585358,
      0.07331421971321106,
      0.07568448781967163,
      0.07595796138048172,
      0.0826498419046402,
      0.0888267382979393,
      0.08637305349111557,
      0.08645565807819366,
      0.08899109810590744,
      0.07577748596668243,
      0.08028194308280945,
      0.07839260995388031,
      0.07880296558141708,
      0.07642365992069244,
      0.07782705873250961,
      0.07874495536088943,
      0.0779949426651001,
      0.08927836269140244,
      0.07934065908193588,
      0.07938127219676971,
      0.07626000791788101,
      0.0841461718082428,
      0.0821116715669632
    ]
  },
  "fold_1": {
    "loss": [
      0.1622423678636551,
      0.04219698905944824,
      0.033344969153404236,
      0.032571300864219666,
      0.028327537700533867,
      0.0273350290954113,
      0.028774816542863846,
      0.025398094207048416,
      0.02373119443655014,
      0.024094104766845703,
      0.023003090173006058,
      0.021578967571258545,
      0.02198430895805359,
      0.02106228843331337,
      0.019487105309963226,
      0.020236937329173088,
      0.01925179362297058,
      0.018937138840556145,
      0.01773237995803356,
      0.01763881929218769,
      0.01748548075556755,
      0.017593596130609512,
      0.018880082294344902,
      0.019438836723566055,
      0.01798238605260849,
      0.016206219792366028,
      0.0167344119399786,
      0.017087016254663467,
      0.015969667583703995,
      0.016303997486829758,
      0.015575758181512356,
      0.01499895565211773,
      0.014828559942543507,
      0.014888509176671505,
      0.015179703012108803,
      0.014783096499741077,
      0.014720131643116474,
      0.013717968948185444,
      0.014636486768722534,
      0.014502216130495071,
      0.014854743145406246,
      0.013815057463943958,
      0.014988730661571026,
      0.013441214337944984,
      0.01315838098526001,
      0.01395872887223959,
      0.01386982947587967,
      0.012823870405554771,
      0.014162990264594555,
      0.013757717795670033,
      0.012689932249486446,
      0.013694779947400093,
      0.013193967752158642,
      0.013332315720617771,
      0.013499513268470764,
      0.013203823007643223,
      0.012532547116279602,
      0.012028643861413002,
      0.013544411398470402,
      0.013674919493496418,
      0.01277113612741232,
      0.012187912128865719,
      0.012830271385610104,
      0.01307777687907219,
      0.012025328353047371,
      0.012929031625390053,
      0.012722352519631386,
      0.01234638411551714,
      0.01304220873862505,
      0.012413939461112022,
      0.01267173606902361,
      0.014127355068922043,
      0.012822885997593403,
      0.012594634667038918,
      0.012444053776562214,
      0.011842417530715466,
      0.011505070142447948,
      0.012201808393001556,
      0.012154928408563137,
      0.01201119925826788
    ],
    "val_loss": [
      0.03057757578790188,
      0.027425045147538185,
      0.020644204691052437,
      0.021708453074097633,
      0.023531585931777954,
      0.06448865681886673,
      0.015126075595617294,
      0.014445949345827103,
      0.01478005014359951,
      0.015356265939772129,
      0.01654474437236786,
      0.01586952619254589,
      0.01493423618376255,
      0.016397302970290184,
      0.019734308123588562,
      0.019115714356303215,
      0.02633606642484665,
      0.02099597081542015,
      0.021199531853199005,
      0.021545017138123512,
      0.017320645973086357,
      0.020357951521873474,
      0.015603897161781788,
      0.014295286498963833,
      0.014638558030128479,
      0.01737278141081333,
      0.017857905477285385,
      0.014570260420441628,
      0.014811662025749683,
      0.016569044440984726,
      0.0159467700868845,
      0.01639259234070778,
      0.015144049189984798,
      0.015230458229780197,
      0.015597684308886528,
      0.017984259873628616,
      0.018761415034532547,
      0.017739973962306976,
      0.01547786220908165,
      0.01734471693634987,
      0.01398213766515255,
      0.014567453414201736,
      0.019943270832300186,
      0.015918642282485962,
      0.017806828022003174,
      0.01708124205470085,
      0.018425559625029564,
      0.020771868526935577,
      0.0148416543379426,
      0.015466787852346897,
      0.01981278322637081,
      0.013902869075536728,
      0.018122155219316483,
      0.024103907868266106,
      0.012747040018439293,
      0.014649118296802044,
      0.02002272754907608,
      0.017605017870664597,
      0.015145997516810894,
      0.015882186591625214,
      0.015139006078243256,
      0.01577068492770195,
      0.01960846222937107,
      0.018355941399931908,
      0.015577321872115135,
      0.019278906285762787,
      0.017558174207806587,
      0.01688878796994686,
      0.015780452638864517,
      0.02117304876446724,
      0.021217122673988342,
      0.026602311059832573,
      0.022879762575030327,
      0.015936188399791718,
      0.02417554333806038,
      0.018714522942900658,
      0.016462067142128944,
      0.01830112561583519,
      0.013551105745136738,
      0.013681727461516857
    ]
  },