{
  "fold_0": {
    "loss": [
      0.22956547141075134,
      0.06039586290717125,
      0.048526830971241,
      0.03889458626508713,
      0.03587433695793152,
      0.03094540536403656,
      0.029499348253011703,
      0.02914855256676674,
      0.025057686492800713,
      0.024460984393954277,
      0.02634814940392971,
      0.024013876914978027,
      0.024879004806280136,
      0.023459937423467636,
      0.022423598915338516,
      0.020416798070073128,
      0.0197882279753685,
      0.020927265286445618,
      0.020040592178702354,
      0.021938852965831757,
      0.023897990584373474,
      0.02286558412015438,
      0.018905451521277428,
      0.01998925767838955,
      0.019454585388302803,
      0.01861443743109703,
      0.018483838066458702,
      0.018708493560552597,
      0.021576955914497375,
      0.019519386813044548,
      0.019016845151782036,
      0.017804203554987907,
      0.016925737261772156,
      0.018616007640957832,
      0.016554690897464752,
      0.01584065891802311
    ],
    "val_loss": [
      0.17450809478759766,
      0.1862674355506897,
      0.1642272174358368,
      0.15040774643421173,
      0.1450219750404358,
      0.12830287218093872,
      0.12409745901823044,
      0.11057839542627335,
      0.10457272827625275,
      0.10033614933490753,
      0.09455752372741699,
      0.10214696079492569,
      0.09535498172044754,
      0.09571061283349991,
      0.09756249934434891,
      0.09650452435016632,
      0.09523230046033859,
      0.09638737887144089,
      0.10147731006145477,
      0.1072726771235466,
      0.09919612109661102,
      0.11072184145450592,
      0.11520814150571823,
      0.11539432406425476,
      0.12190380692481995,
      0.12391495704650879,
      0.11153902858495712,
      0.11064015328884125,
      0.11414527893066406,
      0.12186191976070404,
      0.12489495426416397,
      0.12169095873832703,
      0.10736963152885437,
      0.11100360006093979,
      0.11037223786115646,
      0.10775456577539444
    ]
  },
  "fold_1": {
    "loss": [
      0.21271169185638428,
      0.05623755604028702,
      0.04759325832128525,
      0.042537424713373184,
      0.04260826110839844,
      0.036809325218200684,
      0.03569171577692032,
      0.03484702482819557,
      0.03771894425153732,
      0.035052552819252014,
      0.03295223042368889,
      0.03315367549657822,
      0.03284011408686638,
      0.03058686852455139,
      0.03113621659576893,
      0.03069031611084938,
      0.030164645984768867,
      0.027758777141571045,
      0.028375649824738503,
      0.027374722063541412,
      0.025435160845518112,
      0.027462415397167206,
      0.026663435623049736,
      0.02802962437272072,
      0.0262676440179348,
      0.027001675218343735,
      0.024865461513400078,
      0.024888018146157265,
      0.025543686002492905,
      0.026683306321501732,
      0.02200610190629959,
      0.023203285411000252,
      0.023708118125796318,
      0.023007309064269066,
      0.022198809310793877
    ],
    "val_loss": [
      0.04376897215843201,
      0.0361769013106823,
      0.03539198637008667,
      0.027299510315060616,
      0.036129552870988846,
      0.027476433664560318,
      0.07727709412574768,
      0.04015076905488968,
      0.024023987352848053,
      0.020007768645882607,
      0.024620210751891136,
      0.029756078496575356,
      0.045733675360679626,
      0.044502973556518555,
      0.031090985983610153,
      0.025563618168234825,
      0.02671530283987522,
      0.036074742674827576,
      0.02669019252061844,
      0.031810447573661804,
      0.03390759602189064,
      0.03337876871228218,
      0.0349557101726532,
      0.04449864476919174,
      0.022285614162683487,
      0.026205917820334435,
      0.02791118249297142,
      0.026160376146435738,
      0.0357864573597908,
      0.03417227789759636,
      0.025382863357663155,
      0.035564228892326355,
      0.02367136999964714,
      0.03860059380531311,
      0.06447594612836838
    ]
  },
  "fold_2": {
    "loss": [
      0.09574141353368759,
      0.0386202447116375,
      0.0333247035741806,
      0.03118431754410267,
      0.03150254487991333,
      0.029361840337514877,
      0.026810433715581894,
      0.02671879157423973,
      0.026912638917565346,
      0.025778964161872864,
      0.02576308697462082,
      0.023560771718621254,
      0.024648232385516167,
      0.023777518421411514,
      0.023299256339669228,
      0.023472236469388008,
      0.02144389972090721,
      0.0232097078114748,
      0.022307351231575012,
      0.02073918841779232,
      0.020419800654053688,
      0.02077939733862877,
      0.020871073007583618,
      0.02113799750804901,
      0.02006654627621174,
      0.020389288663864136,
      0.019718702882528305,
      0.01941649802029133,
      0.01907312497496605,
      0.01878945901989937,
      0.01899975724518299,
      0.017912359908223152,
      0.01884545385837555,
      0.01881355047225952,
      0.019190287217497826,
      0.01787116378545761,
      0.01901460625231266,
      0.017971377819776535,
      0.016908787190914154,
      0.018276909366250038,
      0.017989449203014374,
      0.016568074002861977,
      0.01760849356651306,
      0.017077399417757988,
      0.01809709146618843,
      0.016807204112410545,
      0.01702641136944294,
      0.017652159556746483,
      0.01592339016497135,
      0.0156411025673151,
      0.0170688945800066,
      0.017588648945093155
    ],
    "val_loss": [
      0.039125047624111176,
      0.036900635808706284,
      0.03208748251199722,
      0.033354997634887695,
      0.027732109650969505,
      0.031606223434209824,
      0.03468365594744682,
      0.02754487842321396,
      0.02644718997180462,
      0.02545689418911934,
      0.026511942967772484,
      0.0242638997733593,
      0.030474795028567314,
      0.023633038625121117,
      0.024883728474378586,
      0.027698837220668793,
      0.023646017536520958,
      0.02205243520438671,
      0.02318907156586647,
      0.024084903299808502,
      0.02115810662508011,
      0.031703557819128036,
      0.023418555036187172,
      0.021814759820699692,
      0.021517669782042503,
      0.029574774205684662,
      0.019943196326494217,
      0.023002715781331062,
      0.024825355038046837,
      0.022110838443040848,
      0.021325470879673958,
      0.02327188104391098,
      0.02043657749891281,
      0.023700693622231483,
      0.021967021748423576,
      0.02322738990187645,
      0.020766079425811768,
      0.02267209067940712,
      0.022727547213435173,
      0.023429907858371735,
      0.023089228197932243,
      0.021590379998087883,
      0.022410383448004723,
      0.020369311794638634,
      0.02805333212018013,
      0.023178115487098694,
      0.02557617798447609,
      0.02218969166278839,
      0.020970895886421204,
      0.02731531858444214,
      0.02365175448358059,
      0.020199451595544815
    ]
  },
  "fold_3": {
    "loss": [
      0.08760981261730194,
      0.036335840821266174,
      0.031196916475892067,
      0.031107673421502113,
      0.027870045974850655,
      0.02714128978550434,
      0.02738804928958416,
      0.025542574003338814,
      0.024548910558223724,
      0.0246292557567358,
      0.02349001355469227,
      0.02332080714404583,
      0.022964512929320335,
      0.02233033999800682,
      0.024168096482753754,
      0.022086579352617264,
      0.020976288244128227,
      0.02194562368094921,
      0.021186288446187973,
      0.020360436290502548,
      0.019364405423402786,
      0.019428644329309464,
      0.01915864273905754,
      0.019363855943083763,
      0.01926589198410511,
      0.019130093976855278,
      0.019102877005934715,
      0.020135877653956413,
      0.01890336163341999,
      0.017619343474507332,
      0.018444569781422615,
      0.01699894666671753,
      0.018787259235978127,
      0.01745358295738697
    ],