{
  "fold_0": {
    "loss": [
      0.2629571855068207,
      0.04916645213961601,
      0.04132477939128876,
      0.039189960807561874,
      0.03328484296798706,
      0.03363265097141266,
      0.029488416388630867,
      0.031198833137750626,
      0.02933114767074585,
      0.029499385505914688,
      0.029086997732520103,
      0.03176264464855194,
      0.028466248884797096,
      0.028475141152739525,
      0.02818339876830578,
      0.027362750843167305,
      0.027228033170104027,
      0.02706707827746868,
      0.025221778079867363,
      0.025626158341765404,
      0.025382017716765404,
      0.024753646925091743,
      0.025341365486383438,
      0.023602593690156937,
      0.022813698276877403,
      0.027183983474969864,
      0.023465922102332115,
      0.02888324484229088,
      0.02748338133096695,
      0.025274336338043213,
      0.02313944511115551,
      0.022430261597037315,
      0.02396363392472267
    ],
    "val_loss": [
      0.10824140906333923,
      0.09181440621614456,
      0.10521019250154495,
      0.08133017271757126,
      0.07682303339242935,
      0.08102749288082123,
      0.0812981128692627,
      0.07148575037717819,
      0.07804688066244125,
      0.07581759989261627,
      0.07451917231082916,
      0.07682248950004578,
      0.07390986382961273,
      0.07620081305503845,
      0.08139142394065857,
      0.07674549520015717,
      0.07707199454307556,
      0.07659750431776047,
      0.07755465805530548,
      0.07643953710794449,
      0.07674645632505417,
      0.07490614056587219,
      0.07670950144529343,
      0.07676577568054199,
      0.0753396525979042,
      0.07511435449123383,
      0.0760238990187645,
      0.07746967673301697,
      0.07526248693466187,
      0.07311940938234329,
      0.07602141052484512,
      0.07209114730358124,
      0.07161238044500351
    ]
  },
  "fold_1": {
    "loss": [
      0.13854479789733887,
      0.053546659648418427,
      0.046651046723127365,
      0.0476037934422493,
      0.043443355709314346,
      0.042106714099645615,
      0.04220347851514816,
      0.04020790010690689,
      0.042076293379068375,
      0.03909214958548546,
      0.037928156554698944,
      0.03762226924300194,
      0.035915814340114594,
      0.03643210977315903,
      0.03358091413974762,
      0.033738717436790466,
      0.034185197204351425,
      0.03129439800977707,
      0.031621068716049194,
      0.03149471431970596,
      0.030775772407650948,
      0.02968430519104004,
      0.029103178530931473,
      0.0293573010712862,
      0.02902533859014511,
      0.029914353042840958,
      0.029686804860830307,
      0.02893643081188202,
      0.028060026466846466,
      0.029363462701439857,
      0.026193751022219658,
      0.02830059640109539,
      0.027314739301800728,
      0.026604415848851204,
      0.026520321145653725,
      0.026460925117135048,
      0.02493327669799328,
      0.02596723847091198,
      0.02518593519926071,
      0.024864381179213524
    ],
    "val_loss": [
      0.02372799627482891,
      0.02631005458533764,
      0.033724360167980194,
      0.026800421997904778,
      0.026142023503780365,
      0.02492665685713291,
      0.02744642086327076,
      0.023853356018662453,
      0.04383324086666107,
      0.022984420880675316,
      0.05795527249574661,
      0.03225398808717728,
      0.025929834693670273,
      0.038244184106588364,
      0.022205663844943047,
      0.023047149181365967,
      0.026952018961310387,
      0.030049104243516922,
      0.03032822534441948,
      0.024218125268816948,
      0.039782579988241196,
      0.028030293062329292,
      0.08750618249177933,
      0.023645222187042236,
      0.03130057826638222,
      0.042689450085163116,
      0.033963918685913086,
      0.06664177030324936,
      0.042440928518772125,
      0.043398622423410416,
      0.04770975932478905,
      0.02789125218987465,
      0.03369215130805969,
      0.03339693695306778,
      0.044642239809036255,
      0.029863590374588966,
      0.03023657575249672,
      0.04450519010424614,
      0.05436614900827408,
      0.055819977074861526
    ]
  },
  "fold_2": {
    "loss": [
      0.08607333898544312,
      0.04120976850390434,
      0.03688283637166023,
      0.03511509299278259,
      0.03315809369087219,
      0.03538079559803009,
      0.03317835554480553,
      0.03107859194278717,
      0.029442984610795975,
      0.030666295439004898,
      0.028490662574768066,
      0.028276801109313965,
      0.027198711410164833,
      0.026537330821156502,
      0.026876145973801613,
      0.026211172342300415,
      0.024643925949931145,
      0.025781193748116493,
      0.024212094023823738,
      0.024072816595435143,
      0.024736342951655388,
      0.02308637462556362,
      0.023154273629188538,
      0.022936001420021057,
      0.02396606281399727,
      0.02229195646941662,
      0.023083645850419998,
      0.023067248985171318,
      0.021720031276345253,
      0.02178247459232807,
      0.022801855579018593,
      0.022587671875953674,
      0.022297631949186325,
      0.022321872413158417,
      0.021794743835926056,
      0.020072393119335175,
      0.02188151143491268,
      0.021794835105538368,
      0.02084420807659626,
      0.021488843485713005,
      0.020422520115971565,
      0.020608464255928993,
      0.021226871758699417,
      0.021873947232961655,
      0.0200970359146595,
      0.02104334533214569,
      0.019247135147452354,
      0.020101597532629967,
      0.021064139902591705,
      0.019717590883374214,
      0.021009214222431183,
      0.02049984596669674,
      0.019012417644262314,
      0.018881211057305336,
      0.01878720335662365,
      0.018893035128712654,
      0.01842598244547844,
      0.018302030861377716,
      0.019818414002656937,
      0.018543152138590813,
      0.018751071766018867,
      0.019508089870214462
    ],
    "val_loss": [
      0.04415307566523552,
      0.045223645865917206,
      0.03981638699769974,
      0.03590567037463188,
      0.03723316267132759,
      0.03272324427962303,
      0.04290039464831352,
      0.034898098558187485,
      0.04068471118807793,
      0.03533321991562843,
      0.029554100707173347,
      0.027384817600250244,
      0.03138701990246773,
      0.037781666964292526,
      0.03048558160662651,
      0.024335354566574097,
      0.024647338315844536,
      0.02890223264694214,
      0.029082171618938446,
      0.02612592652440071,
      0.026205943897366524,
      0.03236771374940872,
      0.02256087400019169,
      0.021656639873981476,
      0.02622867561876774,
      0.026139136403799057,
      0.02459743060171604,
      0.022575294598937035,
      0.020849963650107384,
      0.02455509454011917,
      0.024277886375784874,
      0.02201719768345356,
      0.02314355969429016,
      0.021096885204315186,
      0.02328033372759819,
      0.023852255195379257,
      0.01994737796485424,
      0.02583901397883892,
      0.028551898896694183,
      0.022669021040201187,
      0.022656267508864403,
      0.022113392129540443,
      0.022313954308629036,
      0.022456355392932892,
      0.025269264355301857,
      0.028281070291996002,
      0.022907013073563576,
      0.02314545027911663,
      0.025454476475715637,
      0.02049933560192585,
      0.026452146470546722,
      0.02085394226014614,
      0.027542395517230034,
      0.021528033539652824,
      0.020970892161130905,
      0.021830586716532707,
      0.02145131677389145,
      0.021718505769968033,
      0.021150736138224602,
      0.027941616252064705,
      0.021917393431067467,
      0.024307366460561752
    ]
  },