{
  "fold_0": {
    "loss": [
      0.6957581043243408,
      0.12367618829011917,
      0.061170902103185654,
      0.052460961043834686,
      0.04592018201947212,
      0.048376478254795074,
      0.0494944229722023,
      0.04315052181482315,
      0.03696312755346298,
      0.03847644850611687,
      0.039158765226602554,
      0.0361672043800354,
      0.03350406885147095,
      0.03580094873905182,
      0.0359017513692379,
      0.03170837461948395,
      0.03701665624976158,
      0.03136305883526802,
      0.0329323448240757,
      0.029628420248627663,
      0.03417440503835678,
      0.03351764380931854,
      0.03246062994003296,
      0.033659327775239944,
      0.03074103221297264,
      0.02834436111152172,
      0.027374351397156715,
      0.025630922988057137,
      0.028535963967442513,
      0.027724813669919968,
      0.027120819315314293,
      0.027346698567271233,
      0.026821132749319077,
      0.02494356594979763,
      0.029408620670437813,
      0.02753237634897232,
      0.027203893288969994,
      0.026629917323589325,
      0.025505077093839645,
      0.025011222809553146,
      0.02685217186808586,
      0.026901479810476303,
      0.026497267186641693,
      0.025379464030265808,
      0.023314012214541435,
      0.02499244548380375,
      0.024193977937102318,
      0.025615857914090157,
      0.024096140637993813,
      0.022482916712760925,
      0.025468524545431137,
      0.02342573180794716,
      0.025747524574398994,
      0.027813056483864784,
      0.02742370218038559,
      0.023862440139055252,
      0.022807972505688667
    ],
    "val_loss": [
      0.11924965679645538,
      0.12870250642299652,
      0.0825219601392746,
      0.08594398200511932,
      0.09400983154773712,
      0.08018361777067184,
      0.07822346687316895,
      0.07864084094762802,
      0.07325466722249985,
      0.07272115349769592,
      0.07220364362001419,
      0.06951246410608292,
      0.06949891895055771,
      0.06770841032266617,
      0.06733551621437073,
      0.06808165460824966,
      0.06531456857919693,
      0.06453550606966019,
      0.06495262682437897,
      0.0656065046787262,
      0.06493685394525528,
      0.06551510840654373,
      0.06387489289045334,
      0.06506902724504471,
      0.06468283385038376,
      0.0645037442445755,
      0.06367582082748413,
      0.06554224342107773,
      0.06549975275993347,
      0.06414172053337097,
      0.06438449025154114,
      0.06362031400203705,
      0.06645716726779938,
      0.06399646401405334,
      0.0672256201505661,
      0.06385542452335358,
      0.06386259198188782,
      0.06378237158060074,
      0.06386523693799973,
      0.0670974925160408,
      0.0650172159075737,
      0.0666835606098175,
      0.06580263376235962,
      0.0644604042172432,
      0.06580492109060287,
      0.06851749867200851,
      0.06560785323381424,
      0.06560545414686203,
      0.06867110729217529,
      0.06611179560422897,
      0.0675964429974556,
      0.06962736696004868,
      0.0664006695151329,
      0.06491782516241074,
      0.06767807900905609,
      0.06465642899274826,
      0.06771887838840485
    ]
  },
  "fold_1": {
    "loss": [
      0.4051360487937927,
      0.0819009393453598,
      0.06810015439987183,
      0.05668703839182854,
      0.05411181226372719,
      0.050583675503730774,
      0.04956851154565811,
      0.04853656888008118,
      0.04771089181303978,
      0.04638534039258957,
      0.0449952632188797,
      0.0461687296628952,
      0.04387597739696503,
      0.042914073914289474,
      0.04076410457491875,
      0.04005846008658409,
      0.03988988697528839,
      0.038264431059360504,
      0.03967881575226784,
      0.037412967532873154,
      0.03743311017751694,
      0.037641581147909164,
      0.038363613188266754,
      0.03967888280749321,
      0.0357617512345314,
      0.03462366387248039,
      0.035892922431230545,
      0.036282457411289215,
      0.03479006886482239,
      0.03631553053855896,
      0.033622268587350845,
      0.03288951888680458,
      0.032536208629608154,
      0.03442397341132164,
      0.0348600372672081,
      0.03410269692540169,
      0.03359324112534523,
      0.03187424689531326,
      0.032592229545116425,
      0.03159505873918533,
      0.03255230188369751,
      0.03415213152766228,
      0.030879134312272072,
      0.03223033994436264,
      0.03255607560276985,
      0.03152050822973251,
      0.030528422445058823,
      0.031586263328790665,
      0.030700352042913437,
      0.03151007369160652,
      0.030455734580755234,
      0.02969188615679741,
      0.030344825237989426
    ],
    "val_loss": [
      0.037451133131980896,
      0.023118294775485992,
      0.021414387971162796,
      0.024599390104413033,
      0.024176133796572685,
      0.026006679981946945,
      0.023538950830698013,
      0.024767952039837837,
      0.023644989356398582,
      0.024383140727877617,
      0.023443948477506638,
      0.0231027752161026,
      0.028149593621492386,
      0.028685064986348152,
      0.02271760068833828,
      0.02591792866587639,
      0.025095155462622643,
      0.02492627687752247,
      0.028081495314836502,
      0.026909809559583664,
      0.023248719051480293,
      0.025248944759368896,
      0.030876418575644493,
      0.0222687479108572,
      0.027079138904809952,
      0.022971611469984055,
      0.0259754229336977,
      0.0201028510928154,
      0.030457930639386177,
      0.02161942608654499,
      0.023140419274568558,
      0.027517402544617653,
      0.022597014904022217,
      0.022832101210951805,
      0.032406698912382126,
      0.030467085540294647,
      0.04922371730208397,
      0.02786829136312008,
      0.023243151605129242,
      0.022475453093647957,
      0.025907045230269432,
      0.035083334892988205,
      0.047954242676496506,
      0.027166157960891724,
      0.032183099538087845,
      0.028605002909898758,
      0.025477048009634018,
      0.032250721007585526,
      0.041517917066812515,
      0.03962835296988487,
      0.02414604090154171,
      0.06538327038288116,
      0.022846996784210205
    ]
  },
  "fold_2": {
    "loss": [
      0.15012483298778534,
      0.05167130008339882,
      0.04263554513454437,
      0.04022463038563728,
      0.03969427943229675,
      0.03714415803551674,
      0.034597933292388916,
      0.034268174320459366,
      0.03460892662405968,
      0.03222645819187164,
      0.031248612329363823,
      0.030781708657741547,
      0.03097536228597164,
      0.031734321266412735,
      0.029885582625865936,
      0.029985468834638596,
      0.027975846081972122,
      0.028564032167196274,
      0.027924256399273872,
      0.028529807925224304,
      0.02747548744082451,
      0.027219563722610474,
      0.02782277762889862,
      0.026296939700841904,
      0.025468526408076286,
      0.025807194411754608,
      0.026329444721341133,
      0.02603418193757534,
      0.026395263150334358,
      0.025627586990594864,
      0.025695983320474625,
      0.02569277212023735,
      0.025839990004897118,
      0.025037677958607674,
      0.023795198649168015,
      0.02462134324014187,
      0.025560421869158745,
      0.024289684370160103,
      0.025032347068190575,
      0.025132885202765465,
      0.02491045743227005,
      0.02347268909215927,
      0.024168923497200012,
      0.024287184700369835,
      0.024081053212285042,
      0.023700419813394547,
      0.02363315224647522,
      0.024206042289733887,
      0.02333313226699829,
      0.024454109370708466,
      0.023381365463137627,
      0.022633133456110954,
      0.024162884801626205,
      0.024257197976112366,
      0.0215306393802166,
      0.023377075791358948,
      0.023865194991230965,
      0.023259198293089867,
      0.022615982219576836,
      0.02356140874326229,
      0.022783786058425903
    ],