{
  "fold_0": {
    "loss": [
      0.5987884998321533,
      0.15645521879196167,
      0.09503619372844696,
      0.06301752477884293,
      0.06446030735969543,
      0.06182337924838066,
      0.04858167842030525,
      0.052651919424533844,
      0.048394110053777695,
      0.04272716864943504,
      0.04866466671228409,
      0.046600591391325,
      0.04152877256274223,
      0.04061860218644142,
      0.03891168162226677,
      0.03789638727903366,
      0.035056669265031815,
      0.034380558878183365,
      0.03635720908641815,
      0.0340535044670105,
      0.03313110023736954,
      0.03436196222901344,
      0.03460081294178963,
      0.02647048607468605,
      0.030334223061800003,
      0.031162628903985023,
      0.0267861969769001,
      0.028017200529575348,
      0.03054741583764553,
      0.023964930325746536,
      0.025695139542222023,
      0.02655160240828991,
      0.023977678269147873,
      0.026113172993063927,
      0.025009404867887497,
      0.025535743683576584,
      0.024149158969521523,
      0.02513831853866577,
      0.024125924333930016,
      0.02450723759829998,
      0.021588243544101715,
      0.026426032185554504,
      0.022144386544823647
    ],
    "val_loss": [
      0.5559564232826233,
      0.29866671562194824,
      0.25755587220191956,
      0.29685643315315247,
      0.2689996659755707,
      0.2430032640695572,
      0.24799565970897675,
      0.24263758957386017,
      0.22482268512248993,
      0.2249230444431305,
      0.2081274688243866,
      0.20941101014614105,
      0.1978629231452942,
      0.19533072412014008,
      0.1877785623073578,
      0.18239150941371918,
      0.18414102494716644,
      0.16779696941375732,
      0.17657318711280823,
      0.17115114629268646,
      0.16887623071670532,
      0.18236900866031647,
      0.18478648364543915,
      0.17562831938266754,
      0.1787964254617691,
      0.18590709567070007,
      0.17580626904964447,
      0.19321659207344055,
      0.1804511845111847,
      0.19089464843273163,
      0.1800571084022522,
      0.1861913502216339,
      0.19806191325187683,
      0.19702942669391632,
      0.17962749302387238,
      0.1992306113243103,
      0.19721056520938873,
      0.1954140067100525,
      0.1912713348865509,
      0.1859644204378128,
      0.18912826478481293,
      0.19804324209690094,
      0.19204489886760712
    ]
  },
  "fold_1": {
    "loss": [
      0.33824142813682556,
      0.12143003195524216,
      0.07433515787124634,
      0.06142896041274071,
      0.05300169810652733,
      0.051137734204530716,
      0.047593094408512115,
      0.04923734441399574,
      0.043209053575992584,
      0.04287690296769142,
      0.039990708231925964,
      0.03945988044142723,
      0.03841335326433182,
      0.03580272197723389,
      0.039148371666669846,
      0.03879963979125023,
      0.03731947019696236,
      0.034669023007154465,
      0.03418368473649025,
      0.034886449575424194,
      0.03328317776322365,
      0.03192421793937683,
      0.0341566726565361,
      0.035175733268260956,
      0.03317466378211975,
      0.031182104721665382,
      0.03113815002143383,
      0.030921315774321556,
      0.030568256974220276,
      0.031246811151504517,
      0.03261249139904976,
      0.03107900731265545,
      0.03246598318219185,
      0.030368555337190628,
      0.03184587135910988,
      0.027628378942608833,
      0.028773218393325806,
      0.027411669492721558,
      0.030247149989008904,
      0.028854014351963997,
      0.02871296927332878,
      0.02703952044248581,
      0.026324285194277763,
      0.028447754681110382,
      0.028939547017216682,
      0.027176957577466965,
      0.027738725766539574,
      0.028251424431800842,
      0.026701847091317177,
      0.02539515122771263,
      0.026891443878412247,
      0.027170546352863312,
      0.025006286799907684,
      0.025598809123039246,
      0.025700289756059647,
      0.025109894573688507,
      0.023640543222427368,
      0.024805409833788872,
      0.024324852973222733,
      0.023954899981617928,
      0.024180227890610695,
      0.024292971938848495,
      0.024594679474830627,
      0.022709401324391365,
      0.02332877740263939,
      0.024108078330755234,
      0.023453455418348312,
      0.024365026503801346,
      0.02319454960525036,
      0.022810056805610657,
      0.023151403293013573,
      0.022254206240177155,
      0.023496411740779877,
      0.022515717893838882
    ],
    "val_loss": [
      0.10726502537727356,
      0.0775744840502739,
      0.07020756602287292,
      0.05414149910211563,
      0.04800298064947128,
      0.05632055923342705,
      0.07045362889766693,
      0.038285210728645325,
      0.050927210599184036,
      0.043014612048864365,
      0.06541569530963898,
      0.03612753748893738,
      0.056502554565668106,
      0.044319216161966324,
      0.030622852966189384,
      0.04245241358876228,
      0.03346383571624756,
      0.04449222981929779,
      0.03593337908387184,
      0.044546693563461304,
      0.033171601593494415,
      0.04891526326537132,
      0.051792796701192856,
      0.03365494683384895,
      0.04007294028997421,
      0.039866555482149124,
      0.04449239745736122,
      0.04210323467850685,
      0.03804927319288254,
      0.056178346276283264,
      0.03480193018913269,
      0.061365820467472076,
      0.044343601912260056,
      0.03320629522204399,
      0.03812243789434433,
      0.0436512716114521,
      0.045818451792001724,
      0.04356219619512558,
      0.0296628437936306,
      0.032588712871074677,
      0.03171789273619652,
      0.038331788033246994,
      0.035524267703294754,
      0.036797896027565,
      0.0314362458884716,
      0.0327046774327755,
      0.03353239595890045,
      0.0304085873067379,
      0.02943938598036766,
      0.0343908965587616,
      0.03584181144833565,
      0.03088139370083809,
      0.03345204517245293,
      0.03172661364078522,
      0.03542904183268547,
      0.033762965351343155,
      0.033540643751621246,
      0.040822211652994156,
      0.03679937869310379,
      0.033605754375457764,
      0.03585059195756912,
      0.030479446053504944,
      0.04477187618613243,
      0.03513389453291893,
      0.03831810504198074,
      0.038990218192338943,
      0.035625163465738297,
      0.04088353365659714,
      0.03923140466213226,
      0.037882640957832336,
      0.03745651617646217,
      0.03616577014327049,
      0.03458460047841072,
      0.038741324096918106
    ]
  },