{
  "fold_0": {
    "loss": [
      0.24037432670593262,
      0.060709577053785324,
      0.04122612625360489,
      0.03269405663013458,
      0.03237701207399368,
      0.030502352863550186,
      0.027761712670326233,
      0.024809876456856728,
      0.024377131834626198,
      0.023306123912334442,
      0.02304973639547825,
      0.02345207706093788,
      0.023153094574809074,
      0.021776946261525154,
      0.02245943807065487,
      0.019332805648446083,
      0.020874518901109695,
      0.021158168092370033,
      0.021095866337418556,
      0.01956467144191265,
      0.020035650581121445,
      0.020178742706775665,
      0.018884586170315742,
      0.0196349136531353,
      0.02085450477898121,
      0.019773248583078384,
      0.019918695092201233,
      0.019533149898052216,
      0.016759924590587616,
      0.017143484205007553,
      0.018805069848895073,
      0.0181600209325552,
      0.01659657247364521,
      0.018559185788035393,
      0.01735270395874977
    ],
    "val_loss": [
      0.22533397376537323,
      0.14014729857444763,
      0.1633559763431549,
      0.14193148910999298,
      0.1354532539844513,
      0.11452373117208481,
      0.11064636707305908,
      0.09755115211009979,
      0.0984131246805191,
      0.09532708674669266,
      0.10081570595502853,
      0.1045181080698967,
      0.1048724353313446,
      0.09886094927787781,
      0.10836418718099594,
      0.12012985348701477,
      0.12587928771972656,
      0.10830128192901611,
      0.11206115037202835,
      0.12143705785274506,
      0.13232755661010742,
      0.12383747100830078,
      0.13234351575374603,
      0.12067799270153046,
      0.14861851930618286,
      0.12902714312076569,
      0.11706102639436722,
      0.13562186062335968,
      0.12729842960834503,
      0.1292310506105423,
      0.11990531533956528,
      0.12281914055347443,
      0.12306532263755798,
      0.10551415383815765,
      0.10892520099878311
    ]
  },
  "fold_1": {
    "loss": [
      0.1328614205121994,
      0.047861937433481216,
      0.04573668912053108,
      0.04158744215965271,
      0.040434982627630234,
      0.03711788356304169,
      0.03401806205511093,
      0.03338947892189026,
      0.03258305415511131,
      0.033750154078006744,
      0.03340841457247734,
      0.031067639589309692,
      0.030560491606593132,
      0.03714136779308319,
      0.0353722907602787,
      0.02849559485912323,
      0.02732875384390354,
      0.029463447630405426,
      0.030129019170999527,
      0.027756858617067337,
      0.02771739475429058,
      0.024673938751220703,
      0.026757895946502686,
      0.026170432567596436,
      0.026206262409687042,
      0.024079641327261925,
      0.025166887789964676,
      0.023181231692433357,
      0.02396332658827305,
      0.024574879556894302,
      0.02351813204586506,
      0.02492569014430046,
      0.023411547765135765,
      0.021791772916913033,
      0.021081749349832535,
      0.023339496925473213,
      0.022384662181138992,
      0.021695373579859734,
      0.022969039157032967,
      0.022313782945275307,
      0.023113921284675598,
      0.02091892994940281,
      0.019954459741711617,
      0.022147489711642265,
      0.020835762843489647,
      0.02181921899318695,
      0.020214470103383064,
      0.021349091082811356,
      0.02097482420504093
    ],
    "val_loss": [
      0.04155636206269264,
      0.02714156173169613,
      0.03171936422586441,
      0.03481148183345795,
      0.025523487478494644,
      0.024797754362225533,
      0.023894524201750755,
      0.02858152613043785,
      0.025773044675588608,
      0.024491125717759132,
      0.034533411264419556,
      0.02533309906721115,
      0.030670443549752235,
      0.029514813795685768,
      0.034902311861515045,
      0.04015068709850311,
      0.02877291478216648,
      0.024736497551202774,
      0.028656983748078346,
      0.027836887165904045,
      0.0285551305860281,
      0.02658434771001339,
      0.028891704976558685,
      0.02245747298002243,
      0.022491343319416046,
      0.038218315690755844,
      0.026456214487552643,
      0.033327411860227585,
      0.03697749227285385,
      0.02706802263855934,
      0.03700260818004608,
      0.03514086827635765,
      0.03022497519850731,
      0.028970301151275635,
      0.049277402460575104,
      0.05072444677352905,
      0.03465473651885986,
      0.043137334287166595,
      0.04726305231451988,
      0.03734434396028519,
      0.04430904984474182,
      0.03948519751429558,
      0.05068589374423027,
      0.06370886415243149,
      0.048795927315950394,
      0.04401063174009323,
      0.03985851630568504,
      0.0364130400121212,
      0.050945479422807693
    ]
  },
  "fold_2": {
    "loss": [
      0.09838567674160004,
      0.03632292151451111,
      0.03323237597942352,
      0.029396219179034233,
      0.028737282380461693,
      0.02629847824573517,
      0.02786470577120781,
      0.028730224817991257,
      0.028075993061065674,
      0.02840386889874935,
      0.02524549700319767,
      0.025343775749206543,
      0.025536619126796722,
      0.022694092243909836,
      0.024751821532845497,
      0.022662654519081116,
      0.02254515141248703,
      0.022014522925019264,
      0.020407186821103096,
      0.023048607632517815,
      0.024480372667312622,
      0.02125590294599533,
      0.0207480788230896,
      0.019623704254627228,
      0.020385751500725746,
      0.019111694768071175,
      0.020515205338597298,
      0.02112138457596302,
      0.018992947414517403,
      0.02035372518002987,
      0.019192805513739586,
      0.01885903812944889,
      0.018752923235297203,
      0.019052984192967415,
      0.019333165138959885,
      0.01842440292239189,
      0.01753375679254532,
      0.01831080950796604,
      0.017922820523381233,
      0.018685385584831238,
      0.017659472301602364,
      0.01856742613017559,
      0.017543494701385498,
      0.017792632803320885,
      0.017964432016015053,
      0.017397593706846237,
      0.01695908233523369,
      0.015324034728109837,
      0.017077451571822166,
      0.01698162779211998,
      0.016514096409082413,
      0.017954209819436073,
      0.016270335763692856,
      0.016965854912996292,
      0.01702614314854145,
      0.015577385202050209,
      0.01495883148163557,
      0.015593834221363068
    ],
    "val_loss": [
      0.03622746467590332,
      0.03510284051299095,
      0.031768981367349625,
      0.028027130290865898,
      0.028638383373618126,
      0.029382621869444847,
      0.027370359748601913,
      0.026500165462493896,
      0.026349185034632683,
      0.030090732499957085,
      0.025321006774902344,
      0.02705327235162258,
      0.023576408624649048,
      0.027019739151000977,
      0.024292800575494766,
      0.02366231009364128,
      0.023528078570961952,
      0.023138832300901413,
      0.02349128946661949,
      0.04194048047065735,
      0.020763080567121506,
      0.022686414420604706,
      0.022984808310866356,
      0.0242282897233963,
      0.0253630168735981,
      0.02552231401205063,
      0.025270560756325722,
      0.021689847111701965,
      0.026271002367138863,
      0.026578661054372787,
      0.022970229387283325,
      0.021101202815771103,
      0.020242903381586075,
      0.022421885281801224,
      0.028044627979397774,
      0.020309703424572945,
      0.02250242978334427,
      0.02477632649242878,
      0.025103220716118813,
      0.02079867757856846,
      0.024533966556191444,
      0.0221994761377573,
      0.020300839096307755,
      0.024694722145795822,
      0.026257598772644997,
      0.02449091151356697,
      0.025589942932128906,
      0.021792037412524223,
      0.022356156259775162,
      0.026276808232069016,
      0.02193646878004074,
      0.02242281846702099,
      0.02565177157521248,
      0.026808900758624077,
      0.026152344420552254,
      0.02143840491771698,
      0.02420460619032383,
      0.020646335557103157
    ]
  },