{
  "fold_0": {
    "loss": [
      0.3030954897403717,
      0.08026190102100372,
      0.05470123514533043,
      0.047594331204891205,
      0.0385282076895237,
      0.03698667138814926,
      0.038880567997694016,
      0.03845212981104851,
      0.037978969514369965,
      0.03281586617231369,
      0.034565869718790054,
      0.03546733781695366,
      0.0349365770816803,
      0.035166170448064804,
      0.03518962115049362,
      0.04052641987800598,
      0.03378017619252205,
      0.03387622535228729,
      0.03936948627233505,
      0.036291979253292084,
      0.02912382036447525,
      0.027038265019655228,
      0.024434974417090416,
      0.029673684388399124,
      0.0277212206274271,
      0.02593422494828701,
      0.029574256390333176,
      0.031290773302316666,
      0.025792118161916733,
      0.027145951986312866,
      0.026742924004793167
    ],
    "val_loss": [
      0.1513550728559494,
      0.10749127715826035,
      0.10441146045923233,
      0.08466274291276932,
      0.08475644141435623,
      0.07735005766153336,
      0.08323868364095688,
      0.08235834538936615,
      0.08043387532234192,
      0.08132907748222351,
      0.08747189491987228,
      0.08663971722126007,
      0.0935618206858635,
      0.08224209398031235,
      0.08200166374444962,
      0.08188436925411224,
      0.08180855214595795,
      0.0808228850364685,
      0.08064103126525879,
      0.08488290756940842,
      0.08653486520051956,
      0.08958258479833603,
      0.08763746917247772,
      0.08553986996412277,
      0.08251418173313141,
      0.08544157445430756,
      0.0867721363902092,
      0.092704638838768,
      0.0869014635682106,
      0.08299171924591064,
      0.08243713527917862
    ]
  },
  "fold_1": {
    "loss": [
      0.16268642246723175,
      0.06369385123252869,
      0.05679287388920784,
      0.05473252758383751,
      0.05675986409187317,
      0.04642064496874809,
      0.04425131902098656,
      0.042030248790979385,
      0.0443652980029583,
      0.040251825004816055,
      0.03850630670785904,
      0.036448270082473755,
      0.03767092898488045,
      0.036349959671497345,
      0.033224839717149734,
      0.03462708741426468,
      0.03341560438275337,
      0.0309341698884964,
      0.0330791138112545,
      0.030614398419857025,
      0.02879706211388111,
      0.02830865979194641,
      0.02918778918683529,
      0.030001701787114143,
      0.025926373898983,
      0.031249985098838806,
      0.025550585240125656,
      0.02712109684944153,
      0.02563425339758396,
      0.024347933009266853,
      0.025747790932655334,
      0.025129901245236397,
      0.026477789506316185,
      0.026111476123332977,
      0.02589697577059269,
      0.0223789494484663,
      0.02230847254395485,
      0.022414589300751686,
      0.021579137071967125,
      0.02178163267672062,
      0.020080603659152985,
      0.022396959364414215,
      0.02213200367987156,
      0.020044654607772827,
      0.021358193829655647,
      0.021663816645741463,
      0.021309496834874153,
      0.022190192714333534,
      0.022998996078968048,
      0.022525174543261528,
      0.01929287053644657,
      0.01954079046845436
    ],
    "val_loss": [
      0.03355424851179123,
      0.026281272992491722,
      0.0348055474460125,
      0.036684826016426086,
      0.03026527725160122,
      0.03310319781303406,
      0.0323166586458683,
      0.09113465994596481,
      0.07035703212022781,
      0.04932060092687607,
      0.04260658100247383,
      0.027040651068091393,
      0.03298495337367058,
      0.024329205974936485,
      0.026957204565405846,
      0.024998173117637634,
      0.023590531200170517,
      0.02413455955684185,
      0.0229001697152853,
      0.02171977609395981,
      0.02132558822631836,
      0.03501195088028908,
      0.022442162036895752,
      0.022790851071476936,
      0.03852858021855354,
      0.01942962408065796,
      0.018987325951457024,
      0.030444948002696037,
      0.021059419959783554,
      0.02307860367000103,
      0.032170046120882034,
      0.034716274589300156,
      0.025949053466320038,
      0.030317626893520355,
      0.024974877014756203,
      0.030832966789603233,
      0.0320102758705616,
      0.029970796778798103,
      0.03751388564705849,
      0.03305505961179733,
      0.028025977313518524,
      0.02770209312438965,
      0.04803391173481941,
      0.03511811047792435,
      0.031360842287540436,
      0.028687432408332825,
      0.029317568987607956,
      0.026558583602309227,
      0.03521370515227318,
      0.03577754646539688,
      0.03392016142606735,
      0.02277306839823723
    ]
  },